url,scheme,doc_type,kind,http_status,bytes_downloaded,text_chars,pages,fetch_seconds,fetched_at,raw_file,status,error
http://www.sbimf.com/campaign/flexicap-fund,SBI Flexicap Fund,campaign page,html,200,12292,2360,1,0.19,2026-09-28,data/raw/sbi-flexicap-fund__campaign-page.txt,ok,
http://www.sbimf.com/campaign/elss,SBI ELSS Tax Saver Fund,campaign page,html,200,32830,7800,1,0.23,2026-09-28,data/raw/sbi-elss-tax-saver-fund__campaign-page.txt,ok,
https://www.sbimf.com/docs/default-source/scheme-factsheets/sbi-flexicap-fund-factsheet-march-2026.pdf,SBI Flexicap Fund,factsheet,pdf,200,1465915,6748,1,0.8,2026-09-28,data/raw/sbi-flexicap-fund__factsheet.txt,ok,
https://www.sbimf.com/docs/default-source/scheme-factsheets/sbi-large-cap-fund-factsheet-june-2025.pdf,SBI Large Cap Fund,factsheet,pdf,200,1467970,5852,1,1.47,2026-09-28,data/raw/sbi-large-cap-fund__factsheet.txt,ok,
https://www.sbimf.com/docs/default-source/scheme-factsheets/sbi-elss-tax-saver-fund-factsheet-march-2026.pdf,SBI ELSS Tax Saver Fund,factsheet,pdf,200,1477975,6013,1,1.54,2026-09-28,data/raw/sbi-elss-tax-saver-fund__factsheet.txt,ok,
https://www.sbimf.com/docs/default-source/scheme-factsheets/sbi-small-cap-fund-factsheet-march-2026.pdf,SBI Small Cap Fund,factsheet,pdf,200,1463519,6446,1,1.74,2026-09-28,data/raw/sbi-small-cap-fund__factsheet.txt,ok,
https://www.sbimf.com/docs/default-source/scheme-factsheets/sbi-balanced-advantage-fund-factsheet-march-2026.pdf,SBI Balanced Advantage Fund,factsheet,pdf,200,473478,9960,1,0.55,2026-09-28,data/raw/sbi-balanced-advantage-fund__factsheet.txt,ok,
https://www.sbimf.com/docs/default-source/sif-forms/sid---sbi-flexicap-fund.pdf,SBI Flexicap Fund,SID,pdf,200,1907465,276492,92,3.04,2026-09-28,data/raw/sbi-flexicap-fund__sid.txt,ok,
https://www.sbimf.com/docs/default-source/sif-forms/sid---sbi-large-cap-fund-(formerly-known-as-bluechip-fund).pdf,SBI Large Cap Fund,SID,pdf,200,1247783,270916,89,4.76,2026-09-28,data/raw/sbi-large-cap-fund__sid.txt,ok,
https://www.sbimf.com/docs/default-source/sif-forms/sid---sbi-elss-tax-saver-fund.pdf,SBI ELSS Tax Saver Fund,SID,pdf,200,1407469,279070,87,3.8,2026-09-28,data/raw/sbi-elss-tax-saver-fund__sid.txt,ok,
https://www.sbimf.com/docs/default-source/sif-forms/sid---sbi-small-cap-fund.pdf,SBI Small Cap Fund,SID,pdf,200,1765386,263360,80,1.57,2026-09-28,data/raw/sbi-small-cap-fund__sid.txt,ok,
https://www.sbimf.com/docs/default-source/sif-forms/sid---sbi-balanced-advantage-fund.pdf,SBI Balanced Advantage Fund,SID,pdf,200,1320208,295701,97,5.41,2026-09-28,data/raw/sbi-balanced-advantage-fund__sid.txt,ok,
https://www.sbimf.com/docs/default-source/expense-ratio/base-ter-change-w-e-f-20-03-2026.pdf,All schemes,TER notice,pdf,200,459745,4893,3,0.55,2026-09-28,data/raw/all-schemes__ter-notice.txt,ok,
